timestamp,task_name,success,duration_seconds,notes
2025-02-21 17:54:06,Task 1: Example Task,Partial,5.93900728225708,
2025-02-21 17:54:51,Task 1: Example Task,Yes,12.291916847229004,hey
2025-02-21 18:06:28,Task 1: Example Task,No,2.3829357624053955,
2025-03-10 12:59:21,Task 1: Example Task,Yes,5.255197286605835,
2025-03-10 13:01:42,Task 2: Example Task,No,3.017977476119995,
2025-03-13 15:59:15,Task 1: Example Task,Partial,5.183955907821655,
2025-03-13 16:43:42,Task 1: Example Task,Yes,1.856679916381836,Easy to follow
2025-03-14 11:53:09,Task 1: Example Task,No,1.898482084274292,
2025-03-14 11:53:19,Task 2: Example Task,Partial,2.865933895111084,
2025-03-14 11:53:27,Task 3: Example Task,Yes,1.7356760501861572,
2025-03-14 12:00:40,Task 1: Example Task,Yes,3.3026082515716553,
2025-03-14 12:00:48,Task 3: Example Task,Partial,2.5450994968414307,
2025-03-14 12:00:58,Task 2: Example Task,Yes,4.098856449127197,
2025-03-14 12:10:22,Task 4: Example Task,Partial,1.4036781787872314,
2025-03-14 12:10:30,Task 2: Example Task,Partial,1.6388485431671143,
2025-03-14 12:10:37,Task 4: Example Task,No,1.5950889587402344,
2025-03-15 16:18:57,Task 1: Example Task,Yes,2.12709641456604,
2025-03-15 16:19:07,Task 3: Example Task,No,1.964784860610962,
2025-03-15 16:41:37,Task 4: Example Task,No,2.0652573108673096,
2025-03-15 16:41:58,Task 1: Example Task,Yes,1.8042571544647217,
2025-03-15 16:46:59,Task 4: Example Task,Yes,1.6312732696533203,
2025-03-15 16:47:08,Task 2: Example Task,No,1.2799859046936035,
2025-03-15 16:47:16,Task 3: Example Task,Partial,1.5751838684082031,
2025-03-15 16:47:38,Task 2: Example Task,No,1.3039071559906006,
2025-03-15 16:47:46,Task 2: Example Task,No,1.420165777206421,
2025-03-15 16:57:27,Task 4: Example Task,Partial,1.5681641101837158,
2025-03-15 16:59:01,Task 4: Example Task,Yes,3.0452587604522705,
2025-03-15 17:18:23,Task 1: Example Task,No,3.9717788696289062,I could not find where to select the next button.
2025-03-15 17:25:34,Task 1: Example Task,No,3.340956687927246,I could not find the next button
2025-03-15 17:30:01,Task 3: Example Task,Partial,3.065274477005005,Some buttons were hard to find.
